{"cameraMode":{"drawMode":0,"name":"Shaded","section":"Shading Mode"},"sceneLighting":true,"audioPlay":false,"sceneViewState":{"showFog":true,"showMaterialUpdate":false,"showSkybox":true,"showFlares":true,"showImageEffects":true,"showParticleSystems":true,"showVisualEffectGraphs":true,"m_FxEnabled":true},"in2DMode":false,"pivot":{"x":0.793958306312561,"y":0.23443831503391267,"z":0.6691457033157349},"rotation":{"x":0.19439443945884705,"y":0.050002869218587878,"z":-0.009922705590724945,"w":0.9795982241630554},"size":1.2247449159622193,"orthographic":false}