{"cameraMode":{"drawMode":0,"name":"Shaded","section":"Shading Mode"},"sceneLighting":true,"audioPlay":false,"sceneViewState":{"showFog":true,"showMaterialUpdate":false,"showSkybox":true,"showFlares":true,"showImageEffects":true,"showParticleSystems":true,"showVisualEffectGraphs":true,"m_FxEnabled":true},"in2DMode":false,"pivot":{"x":-0.5705148577690125,"y":4.959171295166016,"z":-2.0290558338165285},"rotation":{"x":0.09861069172620774,"y":-0.5246474146842957,"z":0.06134748458862305,"w":0.8433688879013062},"size":0.21784263849258424,"orthographic":false}