{"cameraMode":{"drawMode":0,"name":"Shaded","section":"Shading Mode"},"sceneLighting":true,"audioPlay":false,"sceneViewState":{"showFog":true,"showMaterialUpdate":false,"showSkybox":true,"showFlares":true,"showImageEffects":true,"showParticleSystems":true,"showVisualEffectGraphs":true,"m_FxEnabled":true},"in2DMode":false,"pivot":{"x":-7.044501781463623,"y":2.0259482860565187,"z":17.474449157714845},"rotation":{"x":-0.057819779962301257,"y":0.17930716276168824,"z":-0.010557339526712895,"w":-0.9820376634597778},"size":12.996231079101563,"orthographic":false}