{"cameraMode":{"drawMode":0,"name":"Shaded","section":"Shading Mode"},"sceneLighting":true,"audioPlay":false,"sceneViewState":{"showFog":true,"showMaterialUpdate":false,"showSkybox":true,"showFlares":true,"showImageEffects":true,"showParticleSystems":true,"showVisualEffectGraphs":true,"m_FxEnabled":true},"in2DMode":false,"pivot":{"x":0.004704385995864868,"y":4.245274066925049,"z":0.05642296373844147},"rotation":{"x":0.15630720555782319,"y":0.7105135321617127,"z":0.16688017547130586,"w":-0.6655027866363525},"size":0.08660265058279038,"orthographic":false}