{"cameraMode":{"drawMode":0,"name":"Shaded","section":"Shading Mode"},"sceneLighting":false,"audioPlay":false,"sceneViewState":{"showFog":true,"showMaterialUpdate":false,"showSkybox":false,"showFlares":true,"showImageEffects":true,"showParticleSystems":true,"showVisualEffectGraphs":true,"m_FxEnabled":true},"in2DMode":false,"pivot":{"x":-0.03353244438767433,"y":-0.02565769851207733,"z":-0.030917417258024217},"rotation":{"x":0.11554379761219025,"y":-0.5233044624328613,"z":0.07187805324792862,"w":0.8412110209465027},"size":0.24352921545505525,"orthographic":true}